{
    "GameTitleScene": {
        "RT": [
            283.79998779296875,
            500.0,
            0.0
        ],
        "press": [
            700.0,
            500.0,
            0.0
        ],
        "title": [
            612.0,
            226.39999389648438,
            0.0
        ]
    }
}
