{
    "GamePlayScene": {
        "RT": [
            585.2999877929688,
            650.0,
            0.0
        ],
        "Test": 50,
        "break": [
            740.4000244140625,
            650.0,
            0.0
        ],
        "move": [
            314.6000061035156,
            650.0,
            0.0
        ],
        "stick": [
            124.0,
            650.0,
            0.0
        ]
    }
}
